Substitution,Difference_in_spectra
A[C>A]A,-0.0012749908501184246
A[C>A]C,0.0019404316304260406
A[C>A]G,0.0013121859972593146
A[C>A]T,0.0006327825260913468
C[C>A]A,-0.0015215348575077694
C[C>A]C,0.0016345652214813863
C[C>A]G,-0.0028059617483966433
C[C>A]T,0.0013686083108780094
G[C>A]A,0.004313358421142553
G[C>A]C,0.003863264705094508
G[C>A]G,-0.001331590706205572
G[C>A]T,0.0022321557574749434
T[C>A]A,0.001404165628747421
T[C>A]C,0.0025262258351021983
T[C>A]G,-0.0005919556111871234
T[C>A]T,0.002178996810997546
A[C>G]A,0.001704225716118016
A[C>G]C,0.0004990780245220329
A[C>G]G,0.0023667582142212437
A[C>G]T,0.0014613093793581179
C[C>G]A,0.00022132887973514066
C[C>G]C,-0.000312398264644602
C[C>G]G,0.0002055456957174985
C[C>G]T,-0.0001937524372505124
G[C>G]A,-0.0003457789801363455
G[C>G]C,-0.0009459032520114227
G[C>G]G,0.00036646131199981666
G[C>G]T,-0.0011926299232865795
T[C>G]A,-0.00043322171869983165
T[C>G]C,0.00021262042165752406
T[C>G]G,0.0011988005483487912
T[C>G]T,0.00014839887225638604
A[C>T]A,-0.0017911050987719848
A[C>T]C,0.005711550428682183
A[C>T]G,-0.002520936776681422
A[C>T]T,0.0028010830862202525
C[C>T]A,-0.00033923278446779115
C[C>T]C,-0.005279555118725972
C[C>T]G,-0.0034677482267045437
C[C>T]T,7.398740944943027e-07
G[C>T]A,-0.002825536829827051
G[C>T]C,-0.00980171338417607
G[C>T]G,0.0007953503116137489
G[C>T]T,0.00796256392772942
T[C>T]A,-0.0008183570841026576
T[C>T]C,-0.007013716543592098
T[C>T]G,0.002660851850368351
T[C>T]T,-0.0006084571593463484
A[T>A]A,-0.00035575686686340044
A[T>A]C,0.0009430041883582803
A[T>A]G,-0.0017591928643510446
A[T>A]T,0.0005083293528397263
C[T>A]A,0.0010669103942359361
C[T>A]C,-0.0018903564600545382
C[T>A]G,-0.000114652828993019
C[T>A]T,-0.00017089350300937317
G[T>A]A,-0.0007731954015455899
G[T>A]C,0.0005758163179491024
G[T>A]G,0.0002196961718810217
G[T>A]T,-0.00011810090858706832
T[T>A]A,-0.0014021655445547337
T[T>A]C,0.0005404396153985595
T[T>A]G,0.0005727315175597329
T[T>A]T,0.00028663821818337694
A[T>C]A,-0.00642557638833759
A[T>C]C,-0.0002947956117531417
A[T>C]G,-0.0008668005709035129
A[T>C]T,-0.0008426742565798787
C[T>C]A,-0.004816049776325425
C[T>C]C,0.0031932952261300475
C[T>C]G,0.0019482359876258435
C[T>C]T,-0.0010984706165703892
G[T>C]A,0.0001572992127710643
G[T>C]C,8.545597005593306e-05
G[T>C]G,0.002461281824425586
G[T>C]T,-0.0021040575007748585
T[T>C]A,-0.002633976359206286
T[T>C]C,0.0004929135451606538
T[T>C]G,-0.0006215280407305497
T[T>C]T,-0.002923519786743636
A[T>G]A,9.869210250692357e-05
A[T>G]C,0.0006565486340607152
A[T>G]G,0.0010489506078406262
A[T>G]T,0.0009161532799995418
C[T>G]A,-0.0008608187554279452
C[T>G]C,0.00041254143540330433
C[T>G]G,0.0014183140563440002
C[T>G]T,0.00010467801511637883
G[T>G]A,-0.0005856094922234018
G[T>G]C,0.002014087172030685
G[T>G]G,0.0032576953422831095
G[T>G]T,-0.0007450750645374127
T[T>G]A,0.00045263564619733637
T[T>G]C,0.00024310002492918198
T[T>G]G,0.0007155077564113444
T[T>G]T,0.0007049849508772681
