Substitution,Number_of_mutations
A[C>A]A,32
A[C>A]C,18
A[C>A]G,8
A[C>A]T,23
C[C>A]A,45
C[C>A]C,16
C[C>A]G,16
C[C>A]T,28
G[C>A]A,25
G[C>A]C,18
G[C>A]G,20
G[C>A]T,86
T[C>A]A,43
T[C>A]C,27
T[C>A]G,34
T[C>A]T,67
A[C>G]A,4
A[C>G]C,13
A[C>G]G,2
A[C>G]T,6
C[C>G]A,10
C[C>G]C,3
C[C>G]G,3
C[C>G]T,2
G[C>G]A,5
G[C>G]C,9
G[C>G]G,1
G[C>G]T,12
T[C>G]A,8
T[C>G]C,4
T[C>G]G,7
T[C>G]T,4
A[C>T]A,179
A[C>T]C,154
A[C>T]G,137
A[C>T]T,147
C[C>T]A,171
C[C>T]C,100
C[C>T]G,80
C[C>T]T,121
G[C>T]A,190
G[C>T]C,170
G[C>T]G,78
G[C>T]T,179
T[C>T]A,174
T[C>T]C,192
T[C>T]G,103
T[C>T]T,182
A[T>A]A,8
A[T>A]C,24
A[T>A]G,17
A[T>A]T,12
C[T>A]A,7
C[T>A]C,16
C[T>A]G,22
C[T>A]T,11
G[T>A]A,9
G[T>A]C,6
G[T>A]G,6
G[T>A]T,13
T[T>A]A,19
T[T>A]C,4
T[T>A]G,1
T[T>A]T,9
A[T>C]A,127
A[T>C]C,74
A[T>C]G,73
A[T>C]T,80
C[T>C]A,94
C[T>C]C,35
C[T>C]G,54
C[T>C]T,85
G[T>C]A,89
G[T>C]C,68
G[T>C]G,38
G[T>C]T,108
T[T>C]A,98
T[T>C]C,78
T[T>C]G,73
T[T>C]T,120
A[T>G]A,21
A[T>G]C,35
A[T>G]G,13
A[T>G]T,11
C[T>G]A,17
C[T>G]C,5
C[T>G]G,9
C[T>G]T,12
G[T>G]A,20
G[T>G]C,21
G[T>G]G,11
G[T>G]T,22
T[T>G]A,23
T[T>G]C,31
T[T>G]G,27
T[T>G]T,24
,4736
